{"cameraMode":{"drawMode":0,"name":"Shaded","section":"Shading Mode"},"sceneLighting":false,"audioPlay":false,"sceneViewState":{"showFog":true,"showMaterialUpdate":false,"showSkybox":true,"showFlares":true,"showImageEffects":true,"showParticleSystems":true},"in2DMode":false,"pivot":{"x":-0.02820214256644249,"y":0.14637330174446107,"z":-0.0032909512519836427},"rotation":{"x":-0.13774441182613374,"y":0.042176976799964908,"z":-0.0058711618185043339,"w":-0.9895520210266113},"size":0.5654282569885254,"orthographic":false}